Name;Size;"First name";"Last name";Downloads;Date;Path
Sheet_1.pdf;440676;Christoph;Köhnen;662;"22.04.2026 18:11";Lab_Session_1/Sheet_1.pdf
Sheet_2.pdf;399532;Stefan;Klessinger;411;"29.04.2026 20:33";Lab_Session_2/Sheet_2.pdf
Sheet_3.pdf;364478;Christoph;Köhnen;295;"07.05.2026 13:09";Lab_Session_3/Sheet_3.pdf
Sheet_4.pdf;381201;Stefan;Klessinger;253;"21.05.2026 09:50";Lab_Session_4/Sheet_4.pdf
Sheet_5.pdf;619618;Christoph;Köhnen;223;"27.05.2026 22:14";Lab_Session_5/Sheet_5.pdf
Sheet_6.pdf;718953;Stefan;Klessinger;204;"11.06.2026 10:41";Lab_Session_6/Sheet_6.pdf
Sheet_7.pdf;442967;Christoph;Köhnen;198;"18.06.2026 13:07";Lab_Session_7/Sheet_7.pdf
Sheet_8.pdf;418489;Stefan;Klessinger;143;"24.06.2026 14:47";Lab_Session_8/Sheet_8.pdf
Sheet_9.pdf;400449;Stefan;Klessinger;148;"02.07.2026 11:47";Lab_Session_9/Sheet_9.pdf
Sheet_10.pdf;381801;Christoph;Köhnen;112;"09.07.2026 11:07";Lab_Session_10/Sheet_10.pdf
HDF5_cheatsheet.pdf;170611;Stefan;Klessinger;89;"16.07.2026 10:36";Lab_Session_11/HDF5_cheatsheet.pdf
Sheet_11.pdf;385206;Stefan;Klessinger;99;"16.07.2026 10:36";Lab_Session_11/Sheet_11.pdf
Docker_Server_Instructions.pdf;227800;Stefan;Klessinger;267;"17.04.2026 11:14";Preliminaries/Docker_Server_Instructions.pdf
Preliminary_Requirements.pdf;177912;Stefan;Klessinger;320;"17.04.2026 11:14";Preliminaries/Preliminary_Requirements.pdf
RepEng-Labs-Kickoff.pdf;167210;Stefan;Klessinger;416;"17.04.2026 11:15";RepEng-Labs-Kickoff.pdf
